timestamp_utc,temperature_c,pressure_hpa,humidity_percent
2025-12-23T15:30:57+00:00,15.65,999.56,73.19
2025-12-23T15:31:12+00:00,15.71,999.54,73.20
2025-12-23T15:31:27+00:00,15.65,999.44,73.02
2025-12-23T15:31:42+00:00,15.53,999.50,72.98
2025-12-23T15:31:57+00:00,15.38,999.46,73.21
2025-12-23T15:32:12+00:00,15.23,999.42,73.77
2025-12-23T15:32:27+00:00,15.07,999.47,74.32
2025-12-23T15:32:42+00:00,14.90,999.51,74.56
2025-12-23T15:32:57+00:00,14.72,999.48,74.71
2025-12-23T15:33:12+00:00,14.56,999.41,74.93
2025-12-23T15:33:27+00:00,14.38,999.47,75.38
2025-12-23T15:33:42+00:00,14.21,999.45,75.79
2025-12-23T15:33:57+00:00,14.04,999.47,76.14
2025-12-23T15:34:12+00:00,13.88,999.45,76.52
2025-12-23T15:34:27+00:00,13.73,999.42,76.95
2025-12-23T15:34:42+00:00,13.58,999.51,77.26
2025-12-23T15:34:57+00:00,13.42,999.41,77.72
2025-12-23T15:35:12+00:00,13.26,999.48,78.12
2025-12-23T15:35:27+00:00,13.13,999.47,78.16
2025-12-23T15:35:42+00:00,12.98,999.48,78.40
2025-12-23T15:35:57+00:00,12.84,999.54,79.03
2025-12-23T15:36:12+00:00,12.70,999.56,79.53
2025-12-23T15:36:27+00:00,12.59,999.47,79.77
2025-12-23T15:36:42+00:00,12.47,999.49,80.27
2025-12-23T15:36:57+00:00,12.37,999.51,80.61
2025-12-23T15:37:12+00:00,12.27,999.48,80.96
2025-12-23T15:37:27+00:00,12.17,999.51,81.40
2025-12-23T15:37:42+00:00,12.06,999.58,81.44
2025-12-23T15:37:57+00:00,11.97,999.49,81.78
2025-12-23T15:38:12+00:00,11.88,999.50,82.17
2025-12-23T15:38:27+00:00,11.82,999.48,82.50
2025-12-23T15:38:42+00:00,11.73,999.42,82.85
2025-12-23T15:38:57+00:00,11.65,999.45,83.22
2025-12-23T15:39:12+00:00,11.59,999.40,83.39
2025-12-23T15:39:27+00:00,11.52,999.45,83.69
2025-12-23T15:39:42+00:00,11.47,999.40,84.12
2025-12-23T15:39:57+00:00,11.41,999.49,84.17
2025-12-23T15:40:12+00:00,11.36,999.43,84.39
2025-12-23T15:40:27+00:00,11.31,999.43,84.75
2025-12-23T15:40:42+00:00,11.26,999.47,84.97
2025-12-23T15:40:57+00:00,11.20,999.43,85.20
2025-12-23T15:41:12+00:00,11.16,999.46,85.31
2025-12-23T15:41:27+00:00,11.12,999.51,85.37
2025-12-23T15:41:42+00:00,11.09,999.46,85.58
2025-12-23T15:41:57+00:00,11.06,999.52,85.79
2025-12-23T15:42:12+00:00,11.03,999.49,85.82
2025-12-23T15:42:27+00:00,10.99,999.46,86.14
2025-12-23T15:42:42+00:00,10.96,999.41,86.21
2025-12-23T15:42:57+00:00,10.93,999.41,86.46
2025-12-23T15:43:12+00:00,10.89,999.43,86.51
2025-12-23T15:43:27+00:00,10.88,999.44,86.63
2025-12-23T15:43:42+00:00,10.84,999.46,86.76
2025-12-23T15:43:57+00:00,10.82,999.47,86.96
2025-12-23T15:44:12+00:00,10.79,999.51,86.93
2025-12-23T15:44:27+00:00,10.78,999.50,87.13
2025-12-23T15:44:42+00:00,10.76,999.46,87.41
2025-12-23T15:44:57+00:00,10.75,999.41,87.59
2025-12-23T15:45:12+00:00,10.72,999.45,87.62
2025-12-23T15:45:27+00:00,10.71,999.46,87.71
2025-12-23T15:45:42+00:00,10.70,999.47,87.81
2025-12-23T15:45:57+00:00,10.69,999.43,88.02
2025-12-23T15:46:12+00:00,10.67,999.42,88.16
2025-12-23T15:46:27+00:00,10.66,999.41,88.24
2025-12-23T15:46:42+00:00,10.65,999.39,88.26
2025-12-23T15:46:57+00:00,10.64,999.45,88.25
2025-12-23T15:47:12+00:00,10.63,999.46,88.47
2025-12-23T15:47:27+00:00,10.62,999.42,88.42
2025-12-23T15:47:42+00:00,10.60,999.47,88.50
2025-12-23T15:47:57+00:00,10.60,999.42,88.47
2025-12-23T15:48:12+00:00,10.59,999.45,88.72
2025-12-23T15:48:27+00:00,10.59,999.40,88.69
2025-12-23T15:48:42+00:00,10.58,999.38,88.68
2025-12-23T15:48:57+00:00,10.57,999.39,88.69
2025-12-23T15:49:12+00:00,10.56,999.35,88.82
2025-12-23T15:49:27+00:00,10.56,999.38,88.87
2025-12-23T15:49:42+00:00,10.56,999.34,88.90
2025-12-23T15:49:57+00:00,10.55,999.42,89.00
2025-12-23T15:50:12+00:00,10.53,999.38,89.05
2025-12-23T15:50:27+00:00,10.53,999.38,89.01
2025-12-23T15:50:42+00:00,10.53,999.33,88.98
2025-12-23T15:50:57+00:00,10.53,999.41,89.07
2025-12-23T15:51:12+00:00,10.52,999.34,89.20
2025-12-23T15:51:27+00:00,10.52,999.39,89.21
2025-12-23T15:51:42+00:00,10.53,999.36,89.20
2025-12-23T15:51:57+00:00,10.52,999.39,89.38
2025-12-23T15:52:12+00:00,10.52,999.40,89.31
2025-12-23T15:52:27+00:00,10.52,999.40,89.27
2025-12-23T15:52:42+00:00,10.51,999.33,89.24
2025-12-23T15:52:57+00:00,10.52,999.31,89.21
2025-12-23T15:53:12+00:00,10.50,999.36,89.24
2025-12-23T15:53:27+00:00,10.50,999.31,89.26
2025-12-23T15:53:42+00:00,10.50,999.33,89.29
2025-12-23T15:53:57+00:00,10.50,999.31,89.30
2025-12-23T15:54:12+00:00,10.52,999.34,89.33
2025-12-23T15:54:27+00:00,10.50,999.29,89.33
2025-12-23T15:54:42+00:00,10.50,999.31,89.36
2025-12-23T15:54:57+00:00,10.51,999.27,89.33
2025-12-23T15:55:12+00:00,10.50,999.29,89.47
2025-12-23T15:55:27+00:00,10.50,999.31,89.45
2025-12-23T15:55:42+00:00,10.49,999.24,89.40
2025-12-23T15:55:57+00:00,10.50,999.31,89.43
2025-12-23T15:56:12+00:00,10.50,999.22,89.45
2025-12-23T15:56:27+00:00,10.51,999.27,89.50
2025-12-23T15:56:42+00:00,10.50,999.28,89.46
2025-12-23T15:56:57+00:00,10.50,999.28,89.55
2025-12-23T15:57:12+00:00,10.50,999.31,89.53
2025-12-23T15:57:27+00:00,10.49,999.21,89.53
2025-12-23T15:57:42+00:00,10.49,999.30,89.52
2025-12-23T15:57:57+00:00,10.50,999.33,89.57
2025-12-23T15:58:12+00:00,10.49,999.29,89.68
2025-12-23T15:58:27+00:00,10.50,999.31,89.63
2025-12-23T15:58:42+00:00,10.50,999.29,89.71
2025-12-23T15:58:57+00:00,10.50,999.37,89.71
2025-12-23T15:59:12+00:00,10.50,999.31,89.76
2025-12-23T15:59:27+00:00,10.49,999.32,89.76
2025-12-23T15:59:42+00:00,10.50,999.36,89.79
2025-12-23T15:59:57+00:00,10.49,999.26,89.79
2025-12-23T16:00:12+00:00,10.49,999.35,89.76
2025-12-23T16:00:27+00:00,10.49,999.35,89.79
2025-12-23T16:00:42+00:00,10.48,999.28,89.81
2025-12-23T16:00:57+00:00,10.48,999.28,89.81
2025-12-23T16:01:12+00:00,10.48,999.33,89.83
2025-12-23T16:01:27+00:00,10.48,999.28,89.83
2025-12-23T16:01:42+00:00,10.49,999.32,89.80
2025-12-23T16:01:57+00:00,10.48,999.25,89.76
2025-12-23T16:02:12+00:00,10.48,999.17,89.80
2025-12-23T16:02:27+00:00,10.50,999.31,89.86
2025-12-23T16:02:42+00:00,10.49,999.23,89.86
2025-12-23T16:02:57+00:00,10.49,999.27,89.86
2025-12-23T16:03:12+00:00,10.50,999.29,89.89
2025-12-23T16:03:27+00:00,10.49,999.24,89.90
2025-12-23T16:03:42+00:00,10.50,999.28,89.95
2025-12-23T16:03:57+00:00,10.50,999.29,89.98
2025-12-23T16:04:12+00:00,10.49,999.24,90.00
2025-12-23T16:04:27+00:00,10.49,999.29,90.00
2025-12-23T16:04:42+00:00,10.49,999.23,89.94
2025-12-23T16:04:57+00:00,10.48,999.22,89.95
2025-12-23T16:05:12+00:00,10.49,999.26,89.94
2025-12-23T16:05:27+00:00,10.48,999.31,89.94
2025-12-23T16:05:42+00:00,10.48,999.25,89.97
2025-12-23T16:05:57+00:00,10.47,999.24,90.03
2025-12-23T16:06:12+00:00,10.47,999.23,90.13
2025-12-23T16:06:27+00:00,10.47,999.21,90.06
2025-12-23T16:06:42+00:00,10.48,999.27,90.06
2025-12-23T16:06:57+00:00,10.47,999.26,90.09
2025-12-23T16:07:12+00:00,10.48,999.22,89.98
2025-12-23T16:07:27+00:00,10.49,999.26,89.99
2025-12-23T16:07:42+00:00,10.49,999.22,89.98
2025-12-23T16:07:57+00:00,10.50,999.26,89.97
2025-12-23T16:08:12+00:00,10.51,999.21,90.02
2025-12-23T16:08:27+00:00,10.50,999.21,90.01
2025-12-23T16:08:42+00:00,10.51,999.22,89.99
2025-12-23T16:08:57+00:00,10.52,999.21,89.99
2025-12-23T16:09:12+00:00,10.53,999.25,89.99
2025-12-23T16:09:27+00:00,10.53,999.23,90.07
2025-12-23T16:09:42+00:00,10.53,999.20,90.07
2025-12-23T16:09:57+00:00,10.53,999.25,90.00
2025-12-23T16:10:12+00:00,10.53,999.22,89.98
2025-12-23T16:10:27+00:00,10.53,999.31,89.95
2025-12-23T16:10:42+00:00,10.53,999.23,89.95
2025-12-23T16:10:57+00:00,10.54,999.26,89.95
2025-12-23T16:11:12+00:00,10.54,999.26,89.94
2025-12-23T16:11:27+00:00,10.55,999.22,89.91
2025-12-23T16:11:42+00:00,10.53,999.20,89.88
2025-12-23T16:11:57+00:00,10.53,999.25,89.87
2025-12-23T16:12:12+00:00,10.53,999.25,89.85
2025-12-23T16:12:27+00:00,10.55,999.24,89.84
2025-12-23T16:12:42+00:00,10.55,999.28,89.86
2025-12-23T16:12:57+00:00,10.55,999.27,89.85
2025-12-23T16:13:12+00:00,10.55,999.25,89.91
2025-12-23T16:13:27+00:00,10.54,999.24,89.88
2025-12-23T16:13:42+00:00,10.56,999.29,89.87
2025-12-23T16:13:57+00:00,10.56,999.21,89.83
2025-12-23T16:14:12+00:00,10.54,999.26,89.74
2025-12-23T16:14:27+00:00,10.56,999.23,89.76
2025-12-23T16:14:42+00:00,10.56,999.21,89.77
2025-12-23T16:14:57+00:00,10.57,999.20,89.80
2025-12-23T16:15:12+00:00,10.58,999.17,89.80
2025-12-23T16:15:27+00:00,10.57,999.23,89.77
2025-12-23T16:15:42+00:00,10.59,999.23,89.71
2025-12-23T16:15:57+00:00,10.57,999.20,89.72
2025-12-23T16:16:12+00:00,10.58,999.22,89.71
2025-12-23T16:16:27+00:00,10.58,999.16,89.69
2025-12-23T16:16:42+00:00,10.59,999.26,89.68
2025-12-23T16:16:57+00:00,10.58,999.22,89.70
2025-12-23T16:17:12+00:00,10.59,999.24,89.64
2025-12-23T16:17:27+00:00,10.59,999.21,89.65
2025-12-23T16:17:42+00:00,10.59,999.24,89.63
2025-12-23T16:17:57+00:00,10.59,999.24,89.64
2025-12-23T16:18:12+00:00,10.59,999.29,89.64
2025-12-23T16:18:27+00:00,10.59,999.23,89.62
2025-12-23T16:18:42+00:00,10.59,999.24,89.60
2025-12-23T16:18:57+00:00,10.60,999.25,89.60
2025-12-23T16:19:12+00:00,10.60,999.22,89.60
2025-12-23T16:19:27+00:00,10.60,999.25,89.63
2025-12-23T16:19:42+00:00,10.60,999.25,89.62
2025-12-23T16:19:57+00:00,10.60,999.23,89.63
2025-12-23T16:20:12+00:00,10.59,999.13,89.59
2025-12-23T16:20:27+00:00,10.59,999.24,89.60
2025-12-23T16:20:42+00:00,10.59,999.18,89.64
2025-12-23T16:20:57+00:00,10.60,999.25,89.63
2025-12-23T16:21:12+00:00,10.60,999.25,89.64
2025-12-23T16:21:27+00:00,10.59,999.32,89.65
2025-12-23T16:21:42+00:00,10.59,999.26,89.65
2025-12-23T16:21:57+00:00,10.59,999.26,89.65
2025-12-23T16:22:12+00:00,10.60,999.19,89.63
2025-12-23T16:22:27+00:00,10.60,999.25,89.59
2025-12-23T16:22:42+00:00,10.60,999.25,89.57
2025-12-23T16:22:57+00:00,10.60,999.23,89.59
2025-12-23T16:23:12+00:00,10.60,999.17,89.60
2025-12-23T16:23:27+00:00,10.62,999.29,89.60
2025-12-23T16:23:42+00:00,10.61,999.21,89.59
2025-12-23T16:23:57+00:00,10.61,999.22,89.58
2025-12-23T16:24:12+00:00,10.62,999.26,89.58
2025-12-23T16:24:27+00:00,10.63,999.29,89.56
2025-12-23T16:24:42+00:00,10.63,999.27,89.59
2025-12-23T16:24:57+00:00,10.63,999.29,89.58
2025-12-23T16:25:12+00:00,10.63,999.27,89.52
2025-12-23T16:25:27+00:00,10.62,999.23,89.57
2025-12-23T16:25:42+00:00,10.62,999.31,89.55
2025-12-23T16:25:57+00:00,10.62,999.23,89.62
2025-12-23T16:26:12+00:00,10.61,999.26,89.62
2025-12-23T16:26:27+00:00,10.62,999.23,89.65
2025-12-23T16:26:42+00:00,10.61,999.26,89.61
2025-12-23T16:26:57+00:00,10.60,999.23,89.64
2025-12-23T16:27:12+00:00,10.60,999.25,89.67
2025-12-23T16:27:27+00:00,10.58,999.25,89.61
2025-12-23T16:27:42+00:00,10.58,999.30,89.60
2025-12-23T16:27:57+00:00,10.59,999.23,89.58
2025-12-23T16:28:12+00:00,10.58,999.22,89.58
2025-12-23T16:28:27+00:00,10.57,999.20,89.61
2025-12-23T16:28:42+00:00,10.57,999.31,89.62
2025-12-23T16:28:57+00:00,10.57,999.26,89.63
2025-12-23T16:29:12+00:00,10.57,999.26,89.45
2025-12-23T16:29:27+00:00,10.58,999.32,89.42
2025-12-23T16:29:42+00:00,10.58,999.21,89.35
2025-12-23T16:29:57+00:00,10.59,999.28,89.40
2025-12-23T16:30:12+00:00,10.60,999.25,89.40
2025-12-23T16:30:27+00:00,10.60,999.28,89.42
2025-12-23T16:30:42+00:00,10.62,999.31,89.41
2025-12-23T16:30:57+00:00,10.61,999.27,89.41
2025-12-23T16:31:12+00:00,10.62,999.34,89.42
2025-12-23T16:31:27+00:00,10.62,999.29,89.40
2025-12-23T16:31:42+00:00,10.62,999.31,89.41
2025-12-23T16:31:57+00:00,10.63,999.32,89.46
2025-12-23T16:32:12+00:00,10.62,999.34,89.42
2025-12-23T16:32:27+00:00,10.62,999.31,89.42
2025-12-23T16:32:42+00:00,10.61,999.22,89.38
2025-12-23T16:32:57+00:00,10.62,999.28,89.39
2025-12-23T16:33:12+00:00,10.61,999.29,89.41
2025-12-23T16:33:27+00:00,10.62,999.29,89.43
2025-12-23T16:33:42+00:00,10.62,999.36,89.45
2025-12-23T16:33:57+00:00,10.61,999.29,89.43
2025-12-23T16:34:12+00:00,10.62,999.29,89.45
2025-12-23T16:34:27+00:00,10.61,999.30,89.47
2025-12-23T16:34:42+00:00,10.62,999.26,89.52
2025-12-23T16:34:57+00:00,10.62,999.34,89.52
2025-12-23T16:35:12+00:00,10.62,999.31,89.62
2025-12-23T16:35:27+00:00,10.62,999.29,89.67
2025-12-23T16:35:42+00:00,10.61,999.27,89.59
2025-12-23T16:35:57+00:00,10.60,999.25,89.59
2025-12-23T16:36:12+00:00,10.60,999.23,89.61
2025-12-23T16:36:27+00:00,10.60,999.25,89.61
2025-12-23T16:36:42+00:00,10.60,999.25,89.56
2025-12-23T16:36:57+00:00,10.58,999.25,89.57
2025-12-23T16:37:12+00:00,10.59,999.28,89.65
2025-12-23T16:37:27+00:00,10.59,999.26,89.62
2025-12-23T16:37:42+00:00,10.58,999.22,89.64
2025-12-23T16:37:57+00:00,10.57,999.26,89.67
2025-12-23T16:38:12+00:00,10.57,999.20,89.69
2025-12-23T16:38:27+00:00,10.56,999.24,89.67
2025-12-23T16:38:42+00:00,10.56,999.27,89.68
2025-12-23T16:38:57+00:00,10.54,999.26,89.75
2025-12-23T16:39:12+00:00,10.55,999.23,89.80
2025-12-23T16:39:27+00:00,10.53,999.33,89.80
2025-12-23T16:39:42+00:00,10.53,999.27,89.85
2025-12-23T16:39:57+00:00,10.52,999.24,89.88
2025-12-23T16:40:12+00:00,10.52,999.29,89.83
2025-12-23T16:40:27+00:00,10.51,999.22,89.87
2025-12-23T16:40:42+00:00,10.50,999.23,89.94
2025-12-23T16:40:57+00:00,10.50,999.25,89.96
2025-12-23T16:41:12+00:00,10.50,999.20,90.01
2025-12-23T16:41:27+00:00,10.49,999.26,90.06
2025-12-23T16:41:42+00:00,10.49,999.29,90.07
2025-12-23T16:41:57+00:00,10.48,999.23,90.12
2025-12-23T16:42:12+00:00,10.47,999.20,90.13
2025-12-23T16:42:27+00:00,10.47,999.20,90.25
2025-12-23T16:42:42+00:00,10.47,999.26,90.28
2025-12-23T16:42:57+00:00,10.46,999.25,90.32
2025-12-23T16:43:12+00:00,10.45,999.23,90.35
2025-12-23T16:43:27+00:00,10.44,999.21,90.42
2025-12-23T16:43:42+00:00,10.44,999.26,90.43
2025-12-23T16:43:57+00:00,10.43,999.24,90.42
2025-12-23T16:44:12+00:00,10.43,999.19,90.45
2025-12-23T16:44:27+00:00,10.42,999.31,90.48
2025-12-23T16:44:42+00:00,10.41,999.22,90.52
2025-12-23T16:44:57+00:00,10.41,999.21,90.57
2025-12-23T16:45:12+00:00,10.40,999.22,90.55
2025-12-23T16:45:27+00:00,10.40,999.18,90.57
2025-12-23T16:45:42+00:00,10.39,999.21,90.56
2025-12-23T16:45:57+00:00,10.39,999.27,90.58
2025-12-23T16:46:12+00:00,10.37,999.15,90.66
2025-12-23T16:46:27+00:00,10.37,999.20,90.69
2025-12-23T16:46:42+00:00,10.37,999.20,90.65
2025-12-23T16:46:57+00:00,10.38,999.24,90.65
2025-12-23T16:47:12+00:00,10.36,999.16,90.68
2025-12-23T16:47:27+00:00,10.36,999.19,90.71
2025-12-23T16:47:42+00:00,10.35,999.20,90.69
2025-12-23T16:47:57+00:00,10.35,999.26,90.74
2025-12-23T16:48:12+00:00,10.35,999.25,90.73
2025-12-23T16:48:27+00:00,10.34,999.18,90.73
2025-12-23T16:48:42+00:00,10.33,999.17,90.76
2025-12-23T16:48:57+00:00,10.33,999.14,90.74
2025-12-23T16:49:12+00:00,10.34,999.12,90.76
2025-12-23T16:49:27+00:00,10.34,999.15,90.75
2025-12-23T16:49:42+00:00,10.33,999.11,90.77
2025-12-23T16:49:57+00:00,10.32,999.12,90.78
2025-12-23T16:50:12+00:00,10.31,999.15,90.79
2025-12-23T16:50:27+00:00,10.30,999.12,90.85
2025-12-23T16:50:42+00:00,10.30,999.11,90.92
2025-12-23T16:50:57+00:00,10.30,999.08,90.95
2025-12-23T16:51:12+00:00,10.29,999.09,90.96
2025-12-23T16:51:27+00:00,10.28,999.14,90.97
2025-12-23T16:51:42+00:00,10.27,999.14,90.99
2025-12-23T16:51:57+00:00,10.27,999.09,90.94
2025-12-23T16:52:12+00:00,10.25,999.03,91.04
2025-12-23T16:52:27+00:00,10.24,999.13,91.02
2025-12-23T16:52:42+00:00,10.25,999.08,91.06
2025-12-23T16:52:57+00:00,10.23,999.05,91.17
2025-12-23T16:53:12+00:00,10.23,999.09,91.12
2025-12-23T16:53:27+00:00,10.23,999.13,91.08
2025-12-23T16:53:42+00:00,10.23,999.10,91.09
2025-12-23T16:53:57+00:00,10.21,999.11,91.13
2025-12-23T16:54:12+00:00,10.22,999.11,91.16
2025-12-23T16:54:27+00:00,10.20,999.06,91.12
2025-12-23T16:54:42+00:00,10.20,999.09,91.19
2025-12-23T16:54:57+00:00,10.20,999.08,91.33
2025-12-23T16:55:12+00:00,10.20,999.14,91.32
2025-12-23T16:55:27+00:00,10.19,999.12,91.29
2025-12-23T16:55:42+00:00,10.19,999.12,91.31
2025-12-23T16:55:57+00:00,10.19,999.12,91.34
2025-12-23T16:56:12+00:00,10.18,999.08,91.38
2025-12-23T16:56:27+00:00,10.18,999.11,91.37
2025-12-23T16:56:42+00:00,10.16,999.10,91.50
2025-12-23T16:56:57+00:00,10.16,999.16,91.49
2025-12-23T16:57:12+00:00,10.17,999.09,91.52
2025-12-23T16:57:27+00:00,10.15,999.14,91.55
2025-12-23T16:57:42+00:00,10.15,999.11,91.60
2025-12-23T16:57:57+00:00,10.14,999.04,91.60
2025-12-23T16:58:12+00:00,10.14,999.09,91.59
2025-12-23T16:58:27+00:00,10.13,999.10,91.64
2025-12-23T16:58:42+00:00,10.13,999.10,91.60
2025-12-23T16:58:57+00:00,10.13,999.10,91.64
2025-12-23T16:59:12+00:00,10.12,999.06,91.66
2025-12-23T16:59:27+00:00,10.11,999.05,91.64
2025-12-23T16:59:42+00:00,10.11,999.10,91.69
2025-12-23T16:59:57+00:00,10.10,999.11,91.77
2025-12-23T17:00:12+00:00,10.11,999.12,91.73
2025-12-23T17:00:27+00:00,10.10,999.13,91.77
2025-12-23T17:00:42+00:00,10.09,999.07,91.79
2025-12-23T17:00:57+00:00,10.09,999.15,91.86
2025-12-23T17:01:12+00:00,10.09,999.07,91.84
2025-12-23T17:01:27+00:00,10.08,999.08,91.85
2025-12-23T17:01:42+00:00,10.08,999.05,91.88
2025-12-23T17:01:57+00:00,10.09,999.14,91.90
2025-12-23T17:02:12+00:00,10.08,999.11,91.89
2025-12-23T17:02:27+00:00,10.07,999.03,91.90
2025-12-23T17:02:42+00:00,10.07,999.04,91.95
2025-12-23T17:02:57+00:00,10.07,999.07,92.02
2025-12-23T17:03:12+00:00,10.06,999.02,92.03
2025-12-23T17:03:27+00:00,10.05,999.00,92.02
2025-12-23T17:03:42+00:00,10.05,999.05,92.04
2025-12-23T17:03:57+00:00,10.03,999.00,92.02
2025-12-23T17:04:12+00:00,10.04,999.04,92.06
2025-12-23T17:04:27+00:00,10.03,999.03,92.06
2025-12-23T17:04:42+00:00,10.03,999.02,92.07
2025-12-23T17:04:57+00:00,10.02,999.00,92.06
2025-12-23T17:05:12+00:00,10.02,999.00,92.09
2025-12-23T17:05:27+00:00,10.01,999.07,92.10
2025-12-23T17:05:42+00:00,10.01,999.02,92.09
2025-12-23T17:05:57+00:00,10.01,999.02,92.15
2025-12-23T17:06:12+00:00,10.02,999.03,92.20
2025-12-23T17:06:27+00:00,10.02,999.00,92.23
2025-12-23T17:06:42+00:00,10.01,999.02,92.27
2025-12-23T17:06:57+00:00,10.01,998.99,92.26
2025-12-23T17:07:12+00:00,10.01,999.01,92.25
2025-12-23T17:07:27+00:00,10.01,998.93,92.27
2025-12-23T17:07:42+00:00,10.00,998.95,92.28
2025-12-23T17:07:57+00:00,10.00,999.00,92.31
2025-12-23T17:08:12+00:00,10.00,998.91,92.35
2025-12-23T17:08:27+00:00,10.00,999.00,92.35
2025-12-23T17:08:42+00:00,10.00,998.97,92.40
2025-12-23T17:08:57+00:00,9.99,999.01,92.41
2025-12-23T17:09:12+00:00,9.98,998.94,92.42
2025-12-23T17:09:27+00:00,9.99,998.98,92.45
2025-12-23T17:09:42+00:00,9.98,998.99,92.46
2025-12-23T17:09:57+00:00,9.97,998.95,92.50
2025-12-23T17:10:12+00:00,9.97,998.95,92.50
2025-12-23T17:10:27+00:00,9.96,998.93,92.49
2025-12-23T17:10:42+00:00,9.95,998.92,92.49
2025-12-23T17:10:57+00:00,9.95,998.92,92.50
2025-12-23T17:11:12+00:00,9.95,998.99,92.55
2025-12-23T17:11:27+00:00,9.96,998.96,92.56
2025-12-23T17:11:42+00:00,9.95,998.94,92.57
2025-12-23T17:11:57+00:00,9.95,998.97,92.60
2025-12-23T17:12:12+00:00,9.95,998.89,92.58
2025-12-23T17:12:27+00:00,9.95,998.89,92.58
2025-12-23T17:12:42+00:00,9.96,998.88,92.62
2025-12-23T17:12:57+00:00,9.96,998.90,92.60
2025-12-23T17:13:12+00:00,9.95,998.89,92.65
2025-12-23T17:13:27+00:00,9.96,998.88,92.65
2025-12-23T17:13:42+00:00,9.96,998.90,92.67
2025-12-23T17:13:57+00:00,9.96,998.91,92.71
2025-12-23T17:14:12+00:00,9.96,998.93,92.70
2025-12-23T17:14:27+00:00,9.96,998.93,92.67
2025-12-23T17:14:42+00:00,9.95,998.89,92.70
2025-12-23T17:14:57+00:00,9.95,998.89,92.67
2025-12-23T17:15:12+00:00,9.95,998.94,92.67
2025-12-23T17:15:27+00:00,9.94,998.90,92.70
2025-12-23T17:15:42+00:00,9.96,998.96,92.74
2025-12-23T17:15:57+00:00,9.95,998.97,92.71
2025-12-23T17:16:12+00:00,9.95,998.99,92.68
2025-12-23T17:16:27+00:00,9.94,998.93,92.70
2025-12-23T17:16:42+00:00,9.94,998.87,92.74
2025-12-23T17:16:57+00:00,9.94,998.95,92.75
2025-12-23T17:17:12+00:00,9.94,998.93,92.80
2025-12-23T17:17:27+00:00,9.94,998.95,92.80
2025-12-23T17:17:42+00:00,9.94,998.92,92.81
2025-12-23T17:17:57+00:00,9.95,998.91,92.83
2025-12-23T17:18:12+00:00,9.95,999.00,92.86
2025-12-23T17:18:27+00:00,9.94,998.88,92.90
2025-12-23T17:18:42+00:00,9.95,998.89,92.93
2025-12-23T17:18:57+00:00,9.94,998.92,92.90
2025-12-23T17:19:12+00:00,9.94,998.90,92.95
2025-12-23T17:19:27+00:00,9.93,998.88,92.93
2025-12-23T17:19:42+00:00,9.93,998.92,92.97
2025-12-23T17:19:57+00:00,9.93,998.92,92.93
2025-12-23T17:20:12+00:00,9.93,998.86,92.94
2025-12-23T17:20:27+00:00,9.94,998.92,92.95
2025-12-23T17:20:42+00:00,9.93,998.88,92.99
2025-12-23T17:20:57+00:00,9.93,998.83,93.00
2025-12-23T17:21:12+00:00,9.93,998.88,93.03
2025-12-23T17:21:27+00:00,9.93,998.96,93.08
2025-12-23T17:21:42+00:00,9.92,998.90,93.09
2025-12-23T17:21:57+00:00,9.92,998.89,93.11
2025-12-23T17:22:12+00:00,9.92,998.90,93.14
2025-12-23T17:22:27+00:00,9.91,998.87,93.16
2025-12-23T17:22:42+00:00,9.91,998.90,93.17
2025-12-23T17:22:57+00:00,9.91,998.87,93.19
2025-12-23T17:23:12+00:00,9.90,998.91,93.17
2025-12-23T17:23:27+00:00,9.89,998.82,93.18
2025-12-23T17:23:42+00:00,9.88,998.83,93.19
2025-12-23T17:23:57+00:00,9.89,998.81,93.22
2025-12-23T17:24:12+00:00,9.87,998.84,93.21
2025-12-23T17:24:27+00:00,9.88,998.83,93.24
2025-12-23T17:24:42+00:00,9.88,998.85,93.25
2025-12-23T17:24:57+00:00,9.87,998.87,93.27
2025-12-23T17:25:12+00:00,9.88,998.91,93.29
2025-12-23T17:25:27+00:00,9.87,998.87,93.31
2025-12-23T17:25:42+00:00,9.86,998.87,93.26
2025-12-23T17:25:57+00:00,9.85,998.86,93.28
2025-12-23T17:26:12+00:00,9.86,998.90,93.30
2025-12-23T17:26:27+00:00,9.84,998.88,93.33
2025-12-23T17:26:42+00:00,9.84,998.87,93.35
2025-12-23T17:26:57+00:00,9.85,998.88,93.37
2025-12-23T17:27:12+00:00,9.85,998.88,93.39
2025-12-23T17:27:27+00:00,9.85,998.88,93.39
2025-12-23T17:27:42+00:00,9.83,998.85,93.41
2025-12-23T17:27:57+00:00,9.84,998.87,93.43
2025-12-23T17:28:12+00:00,9.83,998.80,93.44
2025-12-23T17:28:27+00:00,9.83,998.82,93.47
2025-12-23T17:28:42+00:00,9.82,998.82,93.49
2025-12-23T17:28:57+00:00,9.82,998.83,93.48
2025-12-23T17:29:12+00:00,9.80,998.78,93.47
2025-12-23T17:29:27+00:00,9.81,998.82,93.48
2025-12-23T17:29:42+00:00,9.79,998.83,93.49
2025-12-23T17:29:57+00:00,9.79,998.86,93.48
2025-12-23T17:30:12+00:00,9.79,998.80,93.52
2025-12-23T17:30:27+00:00,9.79,998.86,93.53
2025-12-23T17:30:42+00:00,9.79,998.85,93.56
2025-12-23T17:30:57+00:00,9.78,998.76,93.57
2025-12-23T17:31:12+00:00,9.77,998.85,93.60
2025-12-23T17:31:27+00:00,9.78,998.83,93.56
2025-12-23T17:31:42+00:00,9.77,998.82,93.60
2025-12-23T17:31:57+00:00,9.77,998.81,93.62
2025-12-23T17:32:12+00:00,9.77,998.80,93.62
2025-12-23T17:32:27+00:00,9.76,998.81,93.62
2025-12-23T17:32:42+00:00,9.76,998.81,93.66
2025-12-23T17:32:57+00:00,9.77,998.81,93.66
2025-12-23T17:33:12+00:00,9.76,998.80,93.65
2025-12-23T17:33:27+00:00,9.76,998.83,93.66
2025-12-23T17:33:42+00:00,9.75,998.81,93.69
2025-12-23T17:33:57+00:00,9.74,998.72,93.68
2025-12-23T17:34:12+00:00,9.74,998.83,93.71
2025-12-23T17:34:27+00:00,9.75,998.79,93.73
2025-12-23T17:34:42+00:00,9.74,998.80,93.73
2025-12-23T17:34:57+00:00,9.73,998.78,93.72
2025-12-23T17:35:12+00:00,9.74,998.82,93.75
2025-12-23T17:35:27+00:00,9.73,998.92,93.76
2025-12-23T17:35:42+00:00,9.73,998.86,93.74
2025-12-23T17:35:57+00:00,9.72,998.77,93.77
2025-12-23T17:36:12+00:00,9.73,998.80,93.80
2025-12-23T17:36:27+00:00,9.73,998.84,93.78
2025-12-23T17:36:42+00:00,9.72,998.85,93.81
2025-12-23T17:36:57+00:00,9.71,998.82,93.80
2025-12-23T17:37:12+00:00,9.71,998.83,93.82
2025-12-23T17:37:27+00:00,9.71,998.83,93.84
2025-12-23T17:37:42+00:00,9.70,998.79,93.84
2025-12-23T17:37:57+00:00,9.70,998.84,93.84
2025-12-23T17:38:12+00:00,9.70,998.73,93.84
2025-12-23T17:38:27+00:00,9.70,998.78,93.86
2025-12-23T17:38:42+00:00,9.69,998.80,93.85
2025-12-23T17:38:57+00:00,9.69,998.79,93.87
2025-12-23T17:39:12+00:00,9.69,998.77,93.87
2025-12-23T17:39:27+00:00,9.69,998.77,93.88
2025-12-23T17:39:42+00:00,9.70,998.81,93.92
2025-12-23T17:39:57+00:00,9.69,998.74,93.93
2025-12-23T17:40:12+00:00,9.69,998.74,93.95
2025-12-23T17:40:27+00:00,9.69,998.80,93.95
2025-12-23T17:40:42+00:00,9.68,998.78,93.94
2025-12-23T17:40:57+00:00,9.68,998.84,93.94
2025-12-23T17:41:12+00:00,9.69,998.83,93.95
2025-12-23T17:41:27+00:00,9.68,998.77,93.97
2025-12-23T17:41:42+00:00,9.68,998.75,93.99
2025-12-23T17:41:57+00:00,9.68,998.78,94.00
2025-12-23T17:42:12+00:00,9.68,998.83,94.01
2025-12-23T17:42:27+00:00,9.67,998.77,94.03
2025-12-23T17:42:42+00:00,9.67,998.78,94.03
2025-12-23T17:42:57+00:00,9.68,998.75,94.01
2025-12-23T17:43:12+00:00,9.66,998.74,94.02
2025-12-23T17:43:27+00:00,9.67,998.76,94.03
2025-12-23T17:43:42+00:00,9.66,998.74,94.05
2025-12-23T17:43:57+00:00,9.66,998.80,94.04
2025-12-23T17:44:12+00:00,9.67,998.76,94.04
2025-12-23T17:44:27+00:00,9.66,998.75,94.09
2025-12-23T17:44:42+00:00,9.67,998.79,94.10
2025-12-23T17:44:57+00:00,9.68,998.69,94.14
2025-12-23T17:45:12+00:00,9.69,998.74,94.12
2025-12-23T17:45:27+00:00,9.69,998.72,94.16
2025-12-23T17:45:42+00:00,9.69,998.72,94.16
2025-12-23T17:45:57+00:00,9.70,998.73,94.14
2025-12-23T17:46:12+00:00,9.71,998.71,94.14
2025-12-23T17:46:27+00:00,9.70,998.65,94.12
2025-12-23T17:46:42+00:00,9.71,998.78,94.11
2025-12-23T17:46:57+00:00,9.71,998.71,94.16
2025-12-23T17:47:12+00:00,9.72,998.73,94.13
2025-12-23T17:47:27+00:00,9.71,998.72,94.14
2025-12-23T17:47:42+00:00,9.71,998.75,94.13
2025-12-23T17:47:57+00:00,9.72,998.70,94.15
2025-12-23T17:48:12+00:00,9.72,998.66,94.12
2025-12-23T17:48:27+00:00,9.73,998.70,94.13
2025-12-23T17:48:42+00:00,9.73,998.75,94.16
2025-12-23T17:48:57+00:00,9.73,998.70,94.14
2025-12-23T17:49:12+00:00,9.73,998.70,94.13
2025-12-23T17:49:27+00:00,9.72,998.69,94.15
2025-12-23T17:49:42+00:00,9.74,998.80,94.19
2025-12-23T17:49:57+00:00,9.74,998.77,94.16
2025-12-23T17:50:12+00:00,9.74,998.82,94.16
2025-12-23T17:50:27+00:00,9.74,998.75,94.14
2025-12-23T17:50:42+00:00,9.75,998.78,94.13
2025-12-23T17:50:57+00:00,9.73,998.73,94.15
2025-12-23T17:51:12+00:00,9.74,998.77,94.14
2025-12-23T17:51:27+00:00,9.75,998.75,94.13
2025-12-23T17:51:42+00:00,9.74,998.69,94.09
2025-12-23T17:51:57+00:00,9.75,998.79,94.08
2025-12-23T17:52:12+00:00,9.75,998.73,94.09
2025-12-23T17:52:27+00:00,9.77,998.80,94.10
2025-12-23T17:52:42+00:00,9.76,998.80,94.11
2025-12-23T17:52:57+00:00,9.76,998.78,94.13
2025-12-23T17:53:12+00:00,9.77,998.82,94.12
2025-12-23T17:53:27+00:00,9.76,998.83,94.13
2025-12-23T17:53:42+00:00,9.76,998.81,94.13
2025-12-23T17:53:57+00:00,9.77,998.81,94.11
2025-12-23T17:54:12+00:00,9.76,998.72,94.11
2025-12-23T17:54:27+00:00,9.76,998.78,94.10
2025-12-23T17:54:42+00:00,9.77,998.81,94.09
2025-12-23T17:54:57+00:00,9.77,998.79,94.11
2025-12-23T17:55:12+00:00,9.76,998.75,94.11
2025-12-23T17:55:27+00:00,9.76,998.81,94.08
2025-12-23T17:55:42+00:00,9.77,998.82,94.11
2025-12-23T17:55:57+00:00,9.77,998.80,94.11
2025-12-23T17:56:12+00:00,9.77,998.82,94.09
2025-12-23T17:56:27+00:00,9.78,998.81,94.11
2025-12-23T17:56:42+00:00,9.78,998.75,94.12
2025-12-23T17:56:57+00:00,9.77,998.74,94.08
2025-12-23T17:57:12+00:00,9.78,998.76,94.06
2025-12-23T17:57:27+00:00,9.78,998.78,94.09
2025-12-23T17:57:42+00:00,9.78,998.78,94.09
2025-12-23T17:57:57+00:00,9.79,998.79,94.10
2025-12-23T17:58:12+00:00,9.80,998.78,94.07
2025-12-23T17:58:27+00:00,9.81,998.71,94.09
2025-12-23T17:58:42+00:00,9.80,998.75,94.08
2025-12-23T17:58:57+00:00,9.79,998.75,94.10
2025-12-23T17:59:12+00:00,9.79,998.86,94.09
2025-12-23T17:59:27+00:00,9.78,998.78,94.09
2025-12-23T17:59:42+00:00,9.79,998.77,94.11
2025-12-23T17:59:57+00:00,9.79,998.79,94.10
2025-12-23T18:00:12+00:00,9.79,998.83,94.10
2025-12-23T18:00:27+00:00,9.80,998.81,94.08
2025-12-23T18:00:42+00:00,9.81,998.74,94.09
2025-12-23T18:00:57+00:00,9.81,998.77,94.09
2025-12-23T18:01:12+00:00,9.79,998.71,94.10
2025-12-23T18:01:27+00:00,9.79,998.69,94.09
2025-12-23T18:01:42+00:00,9.79,998.69,94.08
2025-12-23T18:01:57+00:00,9.79,998.75,94.08
2025-12-23T18:02:12+00:00,9.81,998.76,94.09
2025-12-23T18:02:27+00:00,9.82,998.78,94.09
2025-12-23T18:02:42+00:00,9.81,998.71,94.07
2025-12-23T18:02:57+00:00,9.81,998.74,94.08
2025-12-23T18:03:12+00:00,9.81,998.74,94.07
2025-12-23T18:03:27+00:00,9.81,998.82,94.07
2025-12-23T18:03:42+00:00,9.82,998.70,94.06
2025-12-23T18:03:57+00:00,9.82,998.70,94.07
2025-12-23T18:04:12+00:00,9.81,998.76,94.07
2025-12-23T18:04:27+00:00,9.81,998.77,94.08
2025-12-23T18:04:42+00:00,9.81,998.68,94.08
2025-12-23T18:04:57+00:00,9.82,998.73,94.07
2025-12-23T18:05:12+00:00,9.82,998.67,94.07
2025-12-23T18:05:27+00:00,9.82,998.75,94.07
2025-12-23T18:05:42+00:00,9.83,998.80,94.08
2025-12-23T18:05:57+00:00,9.83,998.77,94.07
2025-12-23T18:06:12+00:00,9.83,998.70,94.06
2025-12-23T18:06:27+00:00,9.83,998.74,94.07
2025-12-23T18:06:42+00:00,9.83,998.77,94.07
2025-12-23T18:06:57+00:00,9.84,998.76,94.02
2025-12-23T18:07:12+00:00,9.83,998.74,94.02
2025-12-23T18:07:27+00:00,9.84,998.81,94.02
2025-12-23T18:07:42+00:00,9.84,998.79,94.02
2025-12-23T18:07:57+00:00,9.84,998.74,94.02
2025-12-23T18:08:12+00:00,9.85,998.83,94.00
2025-12-23T18:08:27+00:00,9.85,998.77,94.03
2025-12-23T18:08:42+00:00,9.85,998.78,94.01
2025-12-23T18:08:57+00:00,9.85,998.77,94.00
2025-12-23T18:09:12+00:00,9.85,998.77,94.00
2025-12-23T18:09:27+00:00,9.84,998.81,94.01
2025-12-23T18:09:42+00:00,9.85,998.75,94.02
2025-12-23T18:09:57+00:00,9.85,998.80,94.02
2025-12-23T18:10:12+00:00,9.84,998.76,94.01
2025-12-23T18:10:27+00:00,9.85,998.75,94.02
2025-12-23T18:10:42+00:00,9.85,998.80,94.03
2025-12-23T18:10:57+00:00,9.86,998.85,94.04
2025-12-23T18:11:12+00:00,9.84,998.84,94.05
2025-12-23T18:11:27+00:00,9.84,998.79,94.06
2025-12-23T18:11:42+00:00,9.84,998.79,94.06
2025-12-23T18:11:57+00:00,9.84,998.79,94.07
2025-12-23T18:12:12+00:00,9.83,998.77,94.07
2025-12-23T18:12:27+00:00,9.83,998.74,94.06
2025-12-23T18:12:42+00:00,9.82,998.84,94.07
2025-12-23T18:12:57+00:00,9.82,998.82,94.08
2025-12-23T18:13:12+00:00,9.83,998.85,94.08
2025-12-23T18:13:27+00:00,9.81,998.80,94.08
2025-12-23T18:13:42+00:00,9.81,998.83,94.11
2025-12-23T18:13:57+00:00,9.82,998.83,94.12
2025-12-23T18:14:12+00:00,9.81,998.77,94.10
2025-12-23T18:14:27+00:00,9.80,998.81,94.11
2025-12-23T18:14:42+00:00,9.79,998.80,94.12
2025-12-23T18:14:57+00:00,9.79,998.91,94.13
2025-12-23T18:15:12+00:00,9.79,998.80,94.15
2025-12-23T18:15:27+00:00,9.79,998.80,94.15
2025-12-23T18:15:42+00:00,9.80,998.86,94.15
2025-12-23T18:15:57+00:00,9.81,998.90,94.16
2025-12-23T18:16:12+00:00,9.81,998.87,94.17
2025-12-23T18:16:27+00:00,9.81,998.87,94.17
2025-12-23T18:16:42+00:00,9.80,998.81,94.19
2025-12-23T18:16:57+00:00,9.80,998.86,94.18
2025-12-23T18:17:12+00:00,9.82,998.92,94.18
2025-12-23T18:17:27+00:00,9.80,998.86,94.18
2025-12-23T18:17:42+00:00,9.80,998.92,94.18
2025-12-23T18:17:57+00:00,9.79,998.88,94.19
2025-12-23T18:18:12+00:00,9.81,998.90,94.19
2025-12-23T18:18:27+00:00,9.79,998.86,94.21
2025-12-23T18:18:42+00:00,9.80,998.86,94.21
2025-12-23T18:18:57+00:00,9.80,998.92,94.23
2025-12-23T18:19:12+00:00,9.80,998.92,94.23
2025-12-23T18:19:27+00:00,9.79,998.86,94.22
2025-12-23T18:19:42+00:00,9.81,998.93,94.24
2025-12-23T18:19:57+00:00,9.81,998.93,94.24
2025-12-23T18:20:12+00:00,9.80,998.92,94.21
2025-12-23T18:20:27+00:00,9.80,998.86,94.21
2025-12-23T18:20:42+00:00,9.82,998.89,94.24
2025-12-23T18:20:57+00:00,9.81,998.93,94.25
2025-12-23T18:21:12+00:00,9.82,998.92,94.27
2025-12-23T18:21:27+00:00,9.82,998.89,94.25
2025-12-23T18:21:42+00:00,9.83,998.91,94.27
2025-12-23T18:21:57+00:00,9.83,998.96,94.27
2025-12-23T18:22:12+00:00,9.83,998.90,94.28
2025-12-23T18:22:27+00:00,9.84,998.89,94.30
2025-12-23T18:22:42+00:00,9.83,998.89,94.31
2025-12-23T18:22:57+00:00,9.83,999.02,94.31
2025-12-23T18:23:12+00:00,9.83,998.97,94.32
2025-12-23T18:23:27+00:00,9.83,998.99,94.31
2025-12-23T18:23:42+00:00,9.84,998.95,94.30
2025-12-23T18:23:57+00:00,9.83,998.94,94.31
2025-12-23T18:24:12+00:00,9.84,998.98,94.34
2025-12-23T18:24:27+00:00,9.83,998.97,94.33
2025-12-23T18:24:42+00:00,9.83,999.02,94.35
2025-12-23T18:24:57+00:00,9.83,998.97,94.33
2025-12-23T18:25:12+00:00,9.82,998.98,94.34
2025-12-23T18:25:27+00:00,9.82,998.94,94.35
2025-12-23T18:25:42+00:00,9.81,998.99,94.35
2025-12-23T18:25:57+00:00,9.82,998.97,94.40
2025-12-23T18:26:12+00:00,9.81,998.98,94.39
2025-12-23T18:26:27+00:00,9.81,998.98,94.40
2025-12-23T18:26:42+00:00,9.80,998.97,94.39
2025-12-23T18:26:57+00:00,9.81,999.03,94.41
2025-12-23T18:27:12+00:00,9.78,998.95,94.41
2025-12-23T18:27:27+00:00,9.79,998.99,94.43
2025-12-23T18:27:42+00:00,9.78,998.95,94.43
2025-12-23T18:27:57+00:00,9.78,998.95,94.46
2025-12-23T18:28:12+00:00,9.78,999.00,94.45
2025-12-23T18:28:27+00:00,9.77,998.99,94.48
2025-12-23T18:28:42+00:00,9.77,999.04,94.49
2025-12-23T18:28:57+00:00,9.77,999.00,94.50
2025-12-23T18:29:12+00:00,9.76,999.00,94.50
2025-12-23T18:29:27+00:00,9.76,998.96,94.51
2025-12-23T18:29:42+00:00,9.76,998.99,94.53
2025-12-23T18:29:57+00:00,9.75,999.00,94.55
2025-12-23T18:30:12+00:00,9.74,999.02,94.55
2025-12-23T18:30:27+00:00,9.75,999.00,94.57
2025-12-23T18:30:42+00:00,9.74,998.98,94.58
2025-12-23T18:30:57+00:00,9.72,999.07,94.58
2025-12-23T18:31:12+00:00,9.74,998.98,94.60
2025-12-23T18:31:27+00:00,9.73,999.03,94.65
2025-12-23T18:31:42+00:00,9.72,999.04,94.65
2025-12-23T18:31:57+00:00,9.72,999.04,94.64
2025-12-23T18:32:12+00:00,9.72,999.01,94.65
2025-12-23T18:32:27+00:00,9.72,999.00,94.64
2025-12-23T18:32:42+00:00,9.72,999.01,94.68
2025-12-23T18:32:57+00:00,9.72,999.07,94.69
2025-12-23T18:33:12+00:00,9.72,999.00,94.67
2025-12-23T18:33:27+00:00,9.72,999.09,94.66
2025-12-23T18:33:42+00:00,9.71,999.05,94.68
2025-12-23T18:33:57+00:00,9.71,999.08,94.69
2025-12-23T18:34:12+00:00,9.70,999.06,94.72
2025-12-23T18:34:27+00:00,9.71,999.04,94.72
2025-12-23T18:34:42+00:00,9.70,999.09,94.77
2025-12-23T18:34:57+00:00,9.71,999.05,94.78
2025-12-23T18:35:12+00:00,9.70,999.00,94.83
2025-12-23T18:35:27+00:00,9.70,998.98,94.81
2025-12-23T18:35:42+00:00,9.70,999.06,94.80
2025-12-23T18:35:57+00:00,9.70,999.02,94.82
2025-12-23T18:36:12+00:00,9.70,999.00,94.79
2025-12-23T18:36:27+00:00,9.70,998.97,94.81
2025-12-23T18:36:42+00:00,9.70,999.03,94.82
2025-12-23T18:36:57+00:00,9.69,999.02,94.82
2025-12-23T18:37:12+00:00,9.69,998.99,94.85
2025-12-23T18:37:27+00:00,9.69,999.01,94.90
2025-12-23T18:37:42+00:00,9.69,999.01,94.88
2025-12-23T18:37:57+00:00,9.68,998.96,94.88
2025-12-23T18:38:12+00:00,9.69,999.07,94.87
2025-12-23T18:38:27+00:00,9.68,998.95,94.85
2025-12-23T18:38:42+00:00,9.67,998.93,94.90
2025-12-23T18:38:57+00:00,9.68,998.99,94.91
2025-12-23T18:39:12+00:00,9.67,999.04,94.90
2025-12-23T18:39:27+00:00,9.67,999.03,94.90
2025-12-23T18:39:42+00:00,9.67,999.04,94.91
2025-12-23T18:39:57+00:00,9.67,999.03,94.94
2025-12-23T18:40:12+00:00,9.66,999.05,94.94
2025-12-23T18:40:27+00:00,9.66,999.02,94.93
2025-12-23T18:40:42+00:00,9.67,999.03,94.96
2025-12-23T18:40:57+00:00,9.67,999.09,94.97
2025-12-23T18:41:12+00:00,9.65,999.09,94.97
2025-12-23T18:41:27+00:00,9.65,999.03,94.98
2025-12-23T18:41:42+00:00,9.65,999.09,94.98
2025-12-23T18:41:57+00:00,9.65,998.97,95.00
2025-12-23T18:42:12+00:00,9.65,999.05,95.02
2025-12-23T18:42:27+00:00,9.65,999.05,95.03
2025-12-23T18:42:42+00:00,9.64,999.04,95.06
2025-12-23T18:42:57+00:00,9.64,998.99,95.06
2025-12-23T18:43:12+00:00,9.64,999.06,95.07
2025-12-23T18:43:27+00:00,9.65,999.08,95.09
2025-12-23T18:43:42+00:00,9.64,999.04,95.09
2025-12-23T18:43:57+00:00,9.63,999.00,95.11
2025-12-23T18:44:12+00:00,9.64,999.12,95.15
2025-12-23T18:44:27+00:00,9.63,998.97,95.12
2025-12-23T18:44:42+00:00,9.63,999.07,95.15
2025-12-23T18:44:57+00:00,9.62,999.09,95.16
2025-12-23T18:45:12+00:00,9.63,999.13,95.17
2025-12-23T18:45:27+00:00,9.63,999.03,95.19
2025-12-23T18:45:42+00:00,9.62,999.06,95.21
2025-12-23T18:45:57+00:00,9.61,999.07,95.21
2025-12-23T18:46:12+00:00,9.61,999.05,95.23
2025-12-23T18:46:27+00:00,9.61,999.05,95.25
2025-12-23T18:46:42+00:00,9.61,999.01,95.28
2025-12-23T18:46:57+00:00,9.61,999.12,95.28
2025-12-23T18:47:12+00:00,9.60,999.08,95.29
2025-12-23T18:47:27+00:00,9.61,999.10,95.31
2025-12-23T18:47:42+00:00,9.59,999.15,95.32
2025-12-23T18:47:57+00:00,9.59,999.09,95.41
2025-12-23T18:48:12+00:00,9.60,999.05,95.41
2025-12-23T18:48:27+00:00,9.60,999.06,95.40
2025-12-23T18:48:42+00:00,9.60,999.11,95.39
2025-12-23T18:48:57+00:00,9.59,999.09,95.42
2025-12-23T18:49:12+00:00,9.59,999.12,95.43
2025-12-23T18:49:27+00:00,9.59,999.09,95.45
2025-12-23T18:49:42+00:00,9.59,999.06,95.47
2025-12-23T18:49:57+00:00,9.58,999.13,95.47
2025-12-23T18:50:12+00:00,9.58,999.11,95.48
2025-12-23T18:50:27+00:00,9.58,999.16,95.49
2025-12-23T18:50:42+00:00,9.58,999.11,95.50
2025-12-23T18:50:57+00:00,9.58,999.08,95.50
2025-12-23T18:51:12+00:00,9.58,999.13,95.50
2025-12-23T18:51:27+00:00,9.57,999.08,95.54
2025-12-23T18:51:42+00:00,9.58,999.10,95.59
2025-12-23T18:51:57+00:00,9.57,999.09,95.57
2025-12-23T18:52:12+00:00,9.56,999.15,95.57
2025-12-23T18:52:27+00:00,9.57,999.12,95.59
2025-12-23T18:52:42+00:00,9.57,999.17,95.61
2025-12-23T18:52:57+00:00,9.57,999.19,95.60
2025-12-23T18:53:12+00:00,9.57,999.16,95.61
2025-12-23T18:53:27+00:00,9.56,999.12,95.61
2025-12-23T18:53:42+00:00,9.57,999.16,95.62
2025-12-23T18:53:57+00:00,9.57,999.20,95.62
2025-12-23T18:54:12+00:00,9.56,999.21,95.64
2025-12-23T18:54:27+00:00,9.56,999.21,95.70
2025-12-23T18:54:42+00:00,9.57,999.14,95.70
2025-12-23T18:54:57+00:00,9.56,999.13,95.76
2025-12-23T18:55:12+00:00,9.57,999.20,95.75
2025-12-23T18:55:27+00:00,9.56,999.18,95.73
2025-12-23T18:55:42+00:00,9.58,999.21,95.74
2025-12-23T18:55:57+00:00,9.57,999.14,95.75
2025-12-23T18:56:12+00:00,9.58,999.21,95.79
2025-12-23T18:56:27+00:00,9.57,999.22,95.79
2025-12-23T18:56:42+00:00,9.57,999.19,95.78
2025-12-23T18:56:57+00:00,9.57,999.22,95.81
2025-12-23T18:57:12+00:00,9.58,999.26,95.82
2025-12-23T18:57:27+00:00,9.58,999.23,95.82
2025-12-23T18:57:42+00:00,9.58,999.29,95.84
2025-12-23T18:57:57+00:00,9.58,999.27,95.81
2025-12-23T18:58:12+00:00,9.58,999.24,95.81
2025-12-23T18:58:27+00:00,9.58,999.27,95.79
2025-12-23T18:58:42+00:00,9.57,999.22,95.79
2025-12-23T18:58:57+00:00,9.58,999.32,95.84
2025-12-23T18:59:12+00:00,9.57,999.28,95.83
2025-12-23T18:59:27+00:00,9.57,999.30,95.85
2025-12-23T18:59:42+00:00,9.57,999.27,95.87
2025-12-23T18:59:57+00:00,9.57,999.36,95.90
2025-12-23T19:00:12+00:00,9.56,999.32,95.92
2025-12-23T19:00:27+00:00,9.57,999.31,95.96
2025-12-23T19:00:42+00:00,9.56,999.34,95.99
2025-12-23T19:00:57+00:00,9.55,999.33,96.02
2025-12-23T19:01:12+00:00,9.56,999.34,96.03
2025-12-23T19:01:27+00:00,9.55,999.30,96.10
2025-12-23T19:01:42+00:00,9.56,999.34,96.08
2025-12-23T19:01:57+00:00,9.56,999.34,96.06
2025-12-23T19:02:12+00:00,9.56,999.34,96.07
2025-12-23T19:02:27+00:00,9.55,999.35,96.09
2025-12-23T19:02:42+00:00,9.55,999.38,96.09
2025-12-23T19:02:57+00:00,9.54,999.37,96.10
2025-12-23T19:03:12+00:00,9.54,999.39,96.10
2025-12-23T19:03:27+00:00,9.55,999.38,96.12
2025-12-23T19:03:42+00:00,9.54,999.34,96.12
2025-12-23T19:03:57+00:00,9.54,999.31,96.15
2025-12-23T19:04:12+00:00,9.54,999.34,96.15
2025-12-23T19:04:27+00:00,9.54,999.39,96.18
2025-12-23T19:04:42+00:00,9.55,999.37,96.21
2025-12-23T19:04:57+00:00,9.53,999.40,96.23
2025-12-23T19:05:12+00:00,9.54,999.39,96.23
2025-12-23T19:05:27+00:00,9.53,999.35,96.24
2025-12-23T19:05:42+00:00,9.53,999.40,96.25
2025-12-23T19:05:57+00:00,9.54,999.42,96.28
2025-12-23T19:06:12+00:00,9.54,999.41,96.28
2025-12-23T19:06:27+00:00,9.53,999.34,96.29
2025-12-23T19:06:42+00:00,9.53,999.46,96.28
2025-12-23T19:06:57+00:00,9.53,999.37,96.29
2025-12-23T19:07:12+00:00,9.53,999.42,96.29
2025-12-23T19:07:27+00:00,9.53,999.39,96.30
2025-12-23T19:07:42+00:00,9.53,999.43,96.30
2025-12-23T19:07:57+00:00,9.53,999.46,96.32
2025-12-23T19:08:12+00:00,9.53,999.45,96.32
2025-12-23T19:08:27+00:00,9.52,999.44,96.32
2025-12-23T19:08:42+00:00,9.52,999.44,96.33
2025-12-23T19:08:57+00:00,9.52,999.43,96.36
2025-12-23T19:09:12+00:00,9.52,999.47,96.36
2025-12-23T19:09:27+00:00,9.52,999.44,96.37
2025-12-23T19:09:42+00:00,9.52,999.46,96.38
2025-12-23T19:09:57+00:00,9.52,999.46,96.38
2025-12-23T19:10:12+00:00,9.51,999.42,96.38
2025-12-23T19:10:27+00:00,9.51,999.40,96.39
2025-12-23T19:10:42+00:00,9.51,999.42,96.39
2025-12-23T19:10:57+00:00,9.52,999.43,96.40
2025-12-23T19:11:12+00:00,9.52,999.38,96.44
2025-12-23T19:11:27+00:00,9.51,999.42,96.43
2025-12-23T19:11:42+00:00,9.51,999.48,96.43
2025-12-23T19:11:57+00:00,9.51,999.48,96.46
2025-12-23T19:12:12+00:00,9.51,999.45,96.44
2025-12-23T19:12:27+00:00,9.51,999.51,96.46
2025-12-23T19:12:42+00:00,9.51,999.59,96.48
2025-12-23T19:12:57+00:00,9.51,999.51,96.48
2025-12-23T19:13:12+00:00,9.50,999.46,96.50
2025-12-23T19:13:27+00:00,9.51,999.56,96.50
2025-12-23T19:13:42+00:00,9.50,999.54,96.51
2025-12-23T19:13:57+00:00,9.50,999.46,96.53
2025-12-23T19:14:12+00:00,9.51,999.50,96.51
2025-12-23T19:14:27+00:00,9.51,999.58,96.53
2025-12-23T19:14:42+00:00,9.50,999.49,96.57
2025-12-23T19:14:57+00:00,9.51,999.47,96.59
2025-12-23T19:15:12+00:00,9.51,999.47,96.61
2025-12-23T19:15:27+00:00,9.51,999.44,96.60
2025-12-23T19:15:42+00:00,9.51,999.59,96.59
2025-12-23T19:15:57+00:00,9.51,999.59,96.64
2025-12-23T19:16:12+00:00,9.51,999.59,96.64
2025-12-23T19:16:27+00:00,9.50,999.62,96.63
2025-12-23T19:16:42+00:00,9.51,999.58,96.64
2025-12-23T19:16:57+00:00,9.52,999.62,96.67
2025-12-23T19:17:12+00:00,9.50,999.65,96.65
2025-12-23T19:17:27+00:00,9.51,999.61,96.65
2025-12-23T19:17:42+00:00,9.51,999.59,96.64
2025-12-23T19:17:57+00:00,9.50,999.65,96.64
2025-12-23T19:18:12+00:00,9.50,999.62,96.64
2025-12-23T19:18:27+00:00,9.51,999.63,96.65
2025-12-23T19:18:42+00:00,9.50,999.65,96.63
2025-12-23T19:18:57+00:00,9.49,999.52,96.63
2025-12-23T19:19:12+00:00,9.49,999.61,96.61
2025-12-23T19:19:27+00:00,9.48,999.65,96.63
2025-12-23T19:19:42+00:00,9.49,999.63,96.63
2025-12-23T19:19:57+00:00,9.49,999.60,96.63
2025-12-23T19:20:12+00:00,9.50,999.73,96.65
2025-12-23T19:20:27+00:00,9.49,999.68,96.64
2025-12-23T19:20:42+00:00,9.48,999.67,96.64
2025-12-23T19:20:57+00:00,9.48,999.70,96.65
2025-12-23T19:21:12+00:00,9.48,999.67,96.68
2025-12-23T19:21:27+00:00,9.48,999.65,96.71
2025-12-23T19:21:42+00:00,9.48,999.65,96.70
2025-12-23T19:21:57+00:00,9.48,999.70,96.71
2025-12-23T19:22:12+00:00,9.48,999.70,96.72
2025-12-23T19:22:27+00:00,9.48,999.67,96.73
2025-12-23T19:22:42+00:00,9.48,999.66,96.74
2025-12-23T19:22:57+00:00,9.48,999.73,96.74
2025-12-23T19:23:12+00:00,9.48,999.64,96.75
2025-12-23T19:23:27+00:00,9.47,999.71,96.74
2025-12-23T19:23:42+00:00,9.47,999.63,96.78
2025-12-23T19:23:57+00:00,9.48,999.65,96.81
2025-12-23T19:24:12+00:00,9.49,999.68,96.83
2025-12-23T19:24:27+00:00,9.49,999.69,96.84
2025-12-23T19:24:42+00:00,9.50,999.79,96.88
2025-12-23T19:24:57+00:00,9.49,999.72,96.86
2025-12-23T19:25:12+00:00,9.49,999.74,96.87
2025-12-23T19:25:27+00:00,9.50,999.73,96.94
2025-12-23T19:25:42+00:00,9.51,999.80,96.92
2025-12-23T19:25:57+00:00,9.51,999.74,96.95
2025-12-23T19:26:12+00:00,9.50,999.79,96.94
2025-12-23T19:26:27+00:00,9.51,999.75,96.97
2025-12-23T19:26:42+00:00,9.51,999.72,96.97
2025-12-23T19:26:57+00:00,9.52,999.77,96.99
2025-12-23T19:27:12+00:00,9.51,999.72,97.00
2025-12-23T19:27:27+00:00,9.51,999.75,96.97
2025-12-23T19:27:42+00:00,9.52,999.79,97.01
2025-12-23T19:27:57+00:00,9.52,999.79,97.00
2025-12-23T19:28:12+00:00,9.51,999.80,96.98
2025-12-23T19:28:27+00:00,9.51,999.71,96.96
2025-12-23T19:28:42+00:00,9.51,999.75,96.95
2025-12-23T19:28:57+00:00,9.51,999.69,96.96
2025-12-23T19:29:12+00:00,9.51,999.74,96.94
2025-12-23T19:29:27+00:00,9.51,999.78,96.94
2025-12-23T19:29:42+00:00,9.51,999.83,96.94
2025-12-23T19:29:57+00:00,9.51,999.80,96.92
2025-12-23T19:30:12+00:00,9.50,999.73,96.93
2025-12-23T19:30:27+00:00,9.50,999.78,96.95
2025-12-23T19:30:42+00:00,9.50,999.79,96.93
2025-12-23T19:30:57+00:00,9.50,999.75,96.93
2025-12-23T19:31:12+00:00,9.49,999.76,96.93
2025-12-23T19:31:27+00:00,9.49,999.80,96.92
2025-12-23T19:31:42+00:00,9.48,999.75,96.93
2025-12-23T19:31:57+00:00,9.49,999.74,96.95
2025-12-23T19:32:12+00:00,9.50,999.83,97.00
2025-12-23T19:32:27+00:00,9.51,999.80,97.05
2025-12-23T19:32:42+00:00,9.50,999.84,97.04
2025-12-23T19:32:57+00:00,9.50,999.84,97.06
2025-12-23T19:33:12+00:00,9.50,999.83,97.04
2025-12-23T19:33:27+00:00,9.50,999.84,97.02
2025-12-23T19:33:42+00:00,9.51,999.90,97.06
2025-12-23T19:33:57+00:00,9.51,999.90,97.05
2025-12-23T19:34:12+00:00,9.52,999.81,97.08
2025-12-23T19:34:27+00:00,9.52,999.87,97.11
2025-12-23T19:34:42+00:00,9.50,999.84,97.11
2025-12-23T19:34:57+00:00,9.51,999.83,97.10
2025-12-23T19:35:12+00:00,9.51,999.89,97.11
2025-12-23T19:35:27+00:00,9.51,999.89,97.10
2025-12-23T19:35:42+00:00,9.51,999.85,97.10
2025-12-23T19:35:57+00:00,9.52,999.87,97.11
2025-12-23T19:36:12+00:00,9.51,999.89,97.10
2025-12-23T19:36:27+00:00,9.52,999.84,97.12
2025-12-23T19:36:42+00:00,9.52,999.79,97.10
2025-12-23T19:36:57+00:00,9.51,999.91,97.18
2025-12-23T19:37:12+00:00,9.52,999.88,97.18
2025-12-23T19:37:27+00:00,9.52,999.87,97.19
2025-12-23T19:37:42+00:00,9.52,999.93,97.20
2025-12-23T19:37:57+00:00,9.53,999.89,97.23
2025-12-23T19:38:12+00:00,9.53,999.86,97.23
2025-12-23T19:38:27+00:00,9.52,999.90,97.20
2025-12-23T19:38:42+00:00,9.52,999.96,97.19
2025-12-23T19:38:57+00:00,9.53,999.88,97.18
2025-12-23T19:39:12+00:00,9.53,999.92,97.21
2025-12-23T19:39:27+00:00,9.52,999.90,97.22
2025-12-23T19:39:42+00:00,9.53,999.91,97.25
2025-12-23T19:39:57+00:00,9.54,999.91,97.28
2025-12-23T19:40:12+00:00,9.55,999.94,97.33
2025-12-23T19:40:27+00:00,9.55,999.92,97.34
2025-12-23T19:40:42+00:00,9.54,999.88,97.32
2025-12-23T19:40:57+00:00,9.54,999.85,97.31
2025-12-23T19:41:12+00:00,9.55,999.92,97.31
2025-12-23T19:41:27+00:00,9.55,999.92,97.31
2025-12-23T19:41:42+00:00,9.55,999.92,97.31
2025-12-23T19:41:57+00:00,9.55,999.98,97.32
2025-12-23T19:42:12+00:00,9.55,999.87,97.32
2025-12-23T19:42:27+00:00,9.55,999.92,97.36
2025-12-23T19:42:42+00:00,9.55,999.95,97.39
2025-12-23T19:42:57+00:00,9.56,999.91,97.38
2025-12-23T19:43:12+00:00,9.55,999.92,97.37
2025-12-23T19:43:27+00:00,9.56,999.91,97.36
2025-12-23T19:43:42+00:00,9.56,999.97,97.39
2025-12-23T19:43:57+00:00,9.56,999.85,97.38
2025-12-23T19:44:12+00:00,9.56,999.94,97.38
2025-12-23T19:44:27+00:00,9.56,999.81,97.38
2025-12-23T19:44:42+00:00,9.56,999.91,97.38
2025-12-23T19:44:57+00:00,9.55,999.92,97.39
2025-12-23T19:45:12+00:00,9.56,999.88,97.38
2025-12-23T19:45:27+00:00,9.56,999.85,97.41
2025-12-23T19:45:42+00:00,9.56,999.91,97.42
2025-12-23T19:45:57+00:00,9.56,999.86,97.42
2025-12-23T19:46:12+00:00,9.56,999.89,97.41
2025-12-23T19:46:27+00:00,9.57,999.93,97.46
2025-12-23T19:46:42+00:00,9.56,999.86,97.42
2025-12-23T19:46:57+00:00,9.57,999.90,97.43
2025-12-23T19:47:12+00:00,9.56,999.89,97.43
2025-12-23T19:47:27+00:00,9.57,999.90,97.44
2025-12-23T19:47:42+00:00,9.58,999.97,97.45
2025-12-23T19:47:57+00:00,9.58,1000.00,97.48
2025-12-23T19:48:12+00:00,9.57,999.93,97.48
2025-12-23T19:48:27+00:00,9.57,999.96,97.49
2025-12-23T19:48:42+00:00,9.57,999.90,97.48
2025-12-23T19:48:57+00:00,9.58,999.94,97.49
2025-12-23T19:49:12+00:00,9.58,999.91,97.49
2025-12-23T19:49:27+00:00,9.58,999.97,97.47
2025-12-23T19:49:42+00:00,9.57,999.95,97.47
2025-12-23T19:49:57+00:00,9.58,999.92,97.51
2025-12-23T19:50:12+00:00,9.57,999.96,97.50
2025-12-23T19:50:27+00:00,9.58,999.97,97.51
2025-12-23T19:50:42+00:00,9.58,999.97,97.53
2025-12-23T19:50:57+00:00,9.58,999.97,97.50
2025-12-23T19:51:12+00:00,9.58,999.97,97.50
2025-12-23T19:51:27+00:00,9.58,999.99,97.50
2025-12-23T19:51:42+00:00,9.57,999.96,97.52
2025-12-23T19:51:57+00:00,9.58,999.95,97.50
2025-12-23T19:52:12+00:00,9.58,1000.00,97.48
2025-12-23T19:52:27+00:00,9.58,999.97,97.51
2025-12-23T19:52:42+00:00,9.57,1000.01,97.50
2025-12-23T19:52:57+00:00,9.57,1000.01,97.49
2025-12-23T19:53:12+00:00,9.58,1000.02,97.49
2025-12-23T19:53:27+00:00,9.58,1000.00,97.51
2025-12-23T19:53:42+00:00,9.57,999.96,97.50
2025-12-23T19:53:57+00:00,9.58,999.95,97.49
2025-12-23T19:54:12+00:00,9.58,999.97,97.50
2025-12-23T19:54:27+00:00,9.58,999.97,97.50
2025-12-23T19:54:42+00:00,9.59,999.98,97.53
2025-12-23T19:54:57+00:00,9.58,999.97,97.52
2025-12-23T19:55:12+00:00,9.58,999.92,97.51
2025-12-23T19:55:27+00:00,9.59,999.98,97.53
2025-12-23T19:55:42+00:00,9.58,1000.03,97.53
2025-12-23T19:55:57+00:00,9.58,999.97,97.51
2025-12-23T19:56:12+00:00,9.58,999.89,97.53
2025-12-23T19:56:27+00:00,9.58,999.95,97.53
2025-12-23T19:56:42+00:00,9.58,999.97,97.52
2025-12-23T19:56:57+00:00,9.58,999.92,97.54
2025-12-23T19:57:12+00:00,9.58,999.97,97.53
2025-12-23T19:57:27+00:00,9.58,999.95,97.60
2025-12-23T19:57:42+00:00,9.59,999.85,97.58
2025-12-23T19:57:57+00:00,9.59,999.96,97.58
2025-12-23T19:58:12+00:00,9.58,999.97,97.54
2025-12-23T19:58:27+00:00,9.59,999.93,97.55
2025-12-23T19:58:42+00:00,9.58,999.97,97.53
2025-12-23T19:58:57+00:00,9.59,999.94,97.54
2025-12-23T19:59:12+00:00,9.58,999.95,97.55
2025-12-23T19:59:27+00:00,9.58,999.89,97.57
2025-12-23T19:59:42+00:00,9.59,999.99,97.63
2025-12-23T19:59:57+00:00,9.59,999.94,97.59
2025-12-23T20:00:12+00:00,9.58,999.92,97.59
2025-12-23T20:00:27+00:00,9.58,999.95,97.55
2025-12-23T20:00:42+00:00,9.58,999.95,97.60
2025-12-23T20:00:57+00:00,9.59,999.94,97.60
2025-12-23T20:01:12+00:00,9.59,999.98,97.62
2025-12-23T20:01:27+00:00,9.58,999.92,97.61
2025-12-23T20:01:42+00:00,9.58,999.97,97.59
2025-12-23T20:01:57+00:00,9.59,999.96,97.62
2025-12-23T20:02:12+00:00,9.59,999.99,97.64
2025-12-23T20:02:27+00:00,9.58,999.92,97.63
2025-12-23T20:02:42+00:00,9.59,999.94,97.64
2025-12-23T20:02:57+00:00,9.60,999.89,97.66
2025-12-23T20:03:12+00:00,9.59,999.88,97.64
2025-12-23T20:03:27+00:00,9.59,999.88,97.63
2025-12-23T20:03:42+00:00,9.59,999.88,97.67
2025-12-23T20:03:57+00:00,9.59,999.91,97.70
2025-12-23T20:04:12+00:00,9.61,999.88,97.72
2025-12-23T20:04:27+00:00,9.60,999.90,97.74
2025-12-23T20:04:42+00:00,9.60,999.84,97.76
2025-12-23T20:04:57+00:00,9.61,999.91,97.81
2025-12-23T20:05:12+00:00,9.60,999.84,97.82
2025-12-23T20:05:27+00:00,9.61,999.94,97.83
2025-12-23T20:05:42+00:00,9.61,999.86,97.83
2025-12-23T20:05:57+00:00,9.55,999.76,97.82
2025-12-23T20:06:12+00:00,9.60,999.84,97.85
2025-12-23T20:06:27+00:00,9.61,999.88,97.89
2025-12-23T20:06:42+00:00,9.60,999.84,97.87
2025-12-23T20:06:57+00:00,9.60,999.93,97.90
2025-12-23T20:07:12+00:00,9.60,999.87,97.90
2025-12-23T20:07:27+00:00,9.60,999.89,97.90
2025-12-23T20:07:42+00:00,9.60,999.84,97.88
2025-12-23T20:07:57+00:00,9.60,999.84,97.90
2025-12-23T20:08:12+00:00,9.59,999.86,97.89
2025-12-23T20:08:27+00:00,9.58,999.91,97.89
2025-12-23T20:08:42+00:00,9.57,999.81,97.85
2025-12-23T20:08:57+00:00,9.56,999.85,97.85
2025-12-23T20:09:12+00:00,9.54,999.77,97.86
2025-12-23T20:09:27+00:00,9.53,999.84,97.83
2025-12-23T20:09:42+00:00,9.52,999.81,97.85
2025-12-23T20:09:57+00:00,9.50,999.79,97.84
2025-12-23T20:10:12+00:00,9.49,999.80,97.81
2025-12-23T20:10:27+00:00,9.49,999.80,97.81
2025-12-23T20:10:42+00:00,9.47,999.74,97.82
2025-12-23T20:10:57+00:00,9.46,999.78,97.80
2025-12-23T20:11:12+00:00,9.45,999.78,97.80
2025-12-23T20:11:27+00:00,9.42,999.76,97.79
2025-12-23T20:11:42+00:00,9.42,999.79,97.79
2025-12-23T20:11:57+00:00,9.40,999.75,97.79
2025-12-23T20:12:12+00:00,9.39,999.73,97.78
2025-12-23T20:12:27+00:00,9.37,999.73,97.77
2025-12-23T20:12:42+00:00,9.36,999.79,97.79
2025-12-23T20:12:57+00:00,9.34,999.74,97.76
2025-12-23T20:13:12+00:00,9.33,999.72,97.75
2025-12-23T20:13:27+00:00,9.30,999.73,97.76
2025-12-23T20:13:42+00:00,9.30,999.73,97.75
2025-12-23T20:13:57+00:00,9.29,999.68,97.77
2025-12-23T20:14:12+00:00,9.27,999.68,97.74
2025-12-23T20:14:27+00:00,9.26,999.66,97.73
2025-12-23T20:14:42+00:00,9.26,999.68,97.73
2025-12-23T20:14:57+00:00,9.26,999.65,97.74
2025-12-23T20:15:12+00:00,9.23,999.67,97.75
2025-12-23T20:15:27+00:00,9.23,999.67,97.74
2025-12-23T20:15:42+00:00,9.23,999.63,97.74
2025-12-23T20:15:57+00:00,9.22,999.64,97.74
2025-12-23T20:16:12+00:00,9.21,999.69,97.74
2025-12-23T20:16:27+00:00,9.21,999.60,97.73
2025-12-23T20:16:42+00:00,9.20,999.61,97.73
2025-12-23T20:16:57+00:00,9.20,999.66,97.73
2025-12-23T20:17:12+00:00,9.19,999.65,97.72
2025-12-23T20:17:27+00:00,9.19,999.56,97.72
2025-12-23T20:17:42+00:00,9.18,999.64,97.71
2025-12-23T20:17:57+00:00,9.18,999.63,97.73
2025-12-23T20:18:12+00:00,9.16,999.60,97.73
2025-12-23T20:18:27+00:00,9.16,999.65,97.72
2025-12-23T20:18:42+00:00,9.16,999.65,97.73
2025-12-23T20:18:57+00:00,9.16,999.60,97.71
2025-12-23T20:19:12+00:00,9.15,999.58,97.73
2025-12-23T20:19:27+00:00,9.13,999.56,97.70
2025-12-23T20:19:42+00:00,9.14,999.57,97.71
2025-12-23T20:19:57+00:00,9.13,999.58,97.71
2025-12-23T20:20:12+00:00,9.12,999.48,97.72
2025-12-23T20:20:27+00:00,9.11,999.58,97.72
2025-12-23T20:20:42+00:00,9.12,999.61,97.71
2025-12-23T20:20:57+00:00,9.11,999.57,97.70
2025-12-23T20:21:12+00:00,9.09,999.60,97.71
2025-12-23T20:21:27+00:00,9.10,999.64,97.72
2025-12-23T20:21:42+00:00,9.08,999.55,97.73
2025-12-23T20:21:57+00:00,9.08,999.50,97.72
2025-12-23T20:22:12+00:00,9.06,999.55,97.70
2025-12-23T20:22:27+00:00,9.06,999.58,97.71
2025-12-23T20:22:42+00:00,9.05,999.53,97.71
2025-12-23T20:22:57+00:00,9.05,999.56,97.72
2025-12-23T20:23:12+00:00,9.05,999.53,97.72
2025-12-23T20:23:27+00:00,9.04,999.46,97.73
2025-12-23T20:23:42+00:00,9.04,999.49,97.73
2025-12-23T20:23:57+00:00,9.04,999.46,97.73
2025-12-23T20:24:12+00:00,9.04,999.46,97.72
2025-12-23T20:24:27+00:00,9.03,999.48,97.75
2025-12-23T20:24:42+00:00,9.02,999.45,97.75
2025-12-23T20:24:57+00:00,9.02,999.43,97.74
2025-12-23T20:25:12+00:00,9.01,999.45,97.75
2025-12-23T20:25:27+00:00,9.01,999.39,97.75
2025-12-23T20:25:42+00:00,9.01,999.44,97.74
2025-12-23T20:25:57+00:00,9.01,999.47,97.74
2025-12-23T20:26:12+00:00,9.00,999.37,97.76
2025-12-23T20:26:27+00:00,8.99,999.41,97.75
2025-12-23T20:26:42+00:00,8.99,999.40,97.76
2025-12-23T20:26:57+00:00,8.99,999.38,97.78
2025-12-23T20:27:12+00:00,8.98,999.36,97.75
2025-12-23T20:27:27+00:00,8.98,999.37,97.74
2025-12-23T20:27:42+00:00,8.98,999.42,97.76
2025-12-23T20:27:57+00:00,8.97,999.34,97.74
2025-12-23T20:28:12+00:00,8.96,999.34,97.77
2025-12-23T20:28:27+00:00,8.97,999.34,97.78
2025-12-23T20:28:42+00:00,8.95,999.29,97.80
2025-12-23T20:28:57+00:00,8.95,999.35,97.78
2025-12-23T20:29:12+00:00,8.94,999.25,97.80
2025-12-23T20:29:27+00:00,8.95,999.23,97.79
2025-12-23T20:29:42+00:00,8.95,999.28,97.82
2025-12-23T20:29:57+00:00,8.94,999.32,97.81
2025-12-23T20:30:12+00:00,8.94,999.30,97.81
2025-12-23T20:30:27+00:00,8.93,999.21,97.81
2025-12-23T20:30:42+00:00,8.93,999.29,97.84
2025-12-23T20:30:57+00:00,8.93,999.28,97.82
2025-12-23T20:31:12+00:00,8.93,999.21,97.82
2025-12-23T20:31:27+00:00,8.93,999.22,97.82
2025-12-23T20:31:42+00:00,8.93,999.20,97.82
2025-12-23T20:31:57+00:00,8.93,999.20,97.82
2025-12-23T20:32:12+00:00,8.92,999.18,97.82
2025-12-23T20:32:27+00:00,8.92,999.15,97.82
2025-12-23T20:32:42+00:00,8.91,999.12,97.82
2025-12-23T20:32:57+00:00,8.91,999.19,97.82
2025-12-23T20:33:12+00:00,8.91,999.20,97.82
2025-12-23T20:33:27+00:00,8.90,999.12,97.82
2025-12-23T20:33:42+00:00,8.90,999.09,97.82
2025-12-23T20:33:57+00:00,8.90,999.07,97.81
2025-12-23T20:34:12+00:00,8.89,999.08,97.82
2025-12-23T20:34:27+00:00,8.89,999.06,97.83
2025-12-23T20:34:42+00:00,8.91,999.03,97.87
2025-12-23T20:34:57+00:00,8.93,998.99,97.93
2025-12-23T20:35:12+00:00,8.97,999.05,98.00
2025-12-23T20:35:27+00:00,9.02,999.06,98.08
2025-12-23T20:35:42+00:00,9.07,998.99,98.12
2025-12-23T20:35:57+00:00,9.21,999.08,98.18
2025-12-23T20:36:12+00:00,9.18,998.28,98.33
